INSERT INTO categoria (descricao, data_de_inclusao, data_de_alteracao) VALUES ('Bebidas', PARSEDATETIME('2024-09-02-00.00.00','yyyy-MM-dd-HH.mm.ss'), NULL);
INSERT INTO categoria (descricao, data_de_inclusao, data_de_alteracao) VALUES ('Carnes', PARSEDATETIME('2024-09-02-00.00.00','yyyy-MM-dd-HH.mm.ss'), NULL);
INSERT INTO categoria (descricao, data_de_inclusao, data_de_alteracao) VALUES ('Cereais', PARSEDATETIME('2024-09-02-00.00.00','yyyy-MM-dd-HH.mm.ss'), NULL);
INSERT INTO categoria (descricao, data_de_inclusao, data_de_alteracao) VALUES ('Hortifruti', PARSEDATETIME('2024-09-02-00.00.00','yyyy-MM-dd-HH.mm.ss'), NULL);
INSERT INTO categoria (descricao, data_de_inclusao, data_de_alteracao) VALUES ('Padaria', PARSEDATETIME('2024-09-02-00.00.00','yyyy-MM-dd-HH.mm.ss'), NULL);

INSERT INTO colaborador (nome, cpf) VALUES('Simão Pedro', '123456789');
INSERT INTO colaborador (nome, cpf) VALUES('André', '123456789');
INSERT INTO colaborador (nome, cpf) VALUES('Tiago de Zebedeu', '123456789');
INSERT INTO colaborador (nome, cpf) VALUES('João de Zebedeu', '123456789');
INSERT INTO colaborador (nome, cpf) VALUES('Filipe', '123456789');
INSERT INTO colaborador (nome, cpf) VALUES('Bartolomeu', '123456789');
INSERT INTO colaborador (nome, cpf) VALUES('Tomé', '123456789');
INSERT INTO colaborador (nome, cpf) VALUES('Mateus', '123456789');
INSERT INTO colaborador (nome, cpf) VALUES('Tiago de Alfeu', '123456789');
INSERT INTO colaborador (nome, cpf) VALUES('Judas Tadeu', '123456789');
INSERT INTO colaborador (nome, cpf) VALUES('Judas Tadeu', '123456789');
INSERT INTO colaborador (nome, cpf) VALUES('Simão Zelote', '123456789');
INSERT INTO colaborador (nome, cpf) VALUES('Judas Iscariotes', '123456789');

INSERT INTO endereco (codigo, logradouro, cidade, estado, cep) VALUES (1, 'Rua das Flores', 'São Paulo', 'SP', '01001-000');
INSERT INTO endereco (codigo, logradouro, cidade, estado, cep) VALUES (2, 'Avenida Brasil', 'Rio de Janeiro', 'RJ', '20040-002');
INSERT INTO endereco (codigo, logradouro, cidade, estado, cep) VALUES (3, 'Rua XV de Novembro', 'Curitiba', 'PR', '80020-310');
INSERT INTO endereco (codigo, logradouro, cidade, estado, cep) VALUES (4, 'Rua dos Andradas', 'Porto Alegre', 'RS', '90020-005');
INSERT INTO endereco (codigo, logradouro, cidade, estado, cep) VALUES (5, 'Avenida Paulista', 'São Paulo', 'SP', '01310-000');
INSERT INTO endereco (codigo, logradouro, cidade, estado, cep) VALUES (6, 'Rua Sete de Setembro', 'Salvador', 'BA', '40060-002');
INSERT INTO endereco (codigo, logradouro, cidade, estado, cep) VALUES (7, 'Rua das Acácias', 'Belo Horizonte', 'MG', '30130-009');
INSERT INTO endereco (codigo, logradouro, cidade, estado, cep) VALUES (8, 'Praça da Sé', 'São Paulo', 'SP', '01001-001');
INSERT INTO endereco (codigo, logradouro, cidade, estado, cep) VALUES (9, 'Rua Afonso Pena', 'Campo Grande', 'MS', '79005-030');
INSERT INTO endereco (codigo, logradouro, cidade, estado, cep) VALUES (10, 'Rua Goiás', 'Goiânia', 'GO', '74000-001');

INSERT INTO FUNCIONARIO (codigo, nome, matricula, data_de_insercao, endereco_codigo) VALUES (1, 'João Silva', 'MAT1001', '2024-05-10', 1);
INSERT INTO FUNCIONARIO (codigo, nome, matricula, data_de_insercao, endereco_codigo) VALUES (2, 'Maria Oliveira', 'MAT1002', '2024-05-11', 2);
INSERT INTO FUNCIONARIO (codigo, nome, matricula, data_de_insercao, endereco_codigo) VALUES (3, 'Carlos Santos', 'MAT1003', '2024-05-12', 3);
INSERT INTO FUNCIONARIO (codigo, nome, matricula, data_de_insercao, endereco_codigo) VALUES (4, 'Fernanda Lima', 'MAT1004', '2024-05-13', 4);
INSERT INTO FUNCIONARIO (codigo, nome, matricula, data_de_insercao, endereco_codigo) VALUES (5, 'Ana Paula', 'MAT1005', '2024-05-14', 5);
INSERT INTO FUNCIONARIO (codigo, nome, matricula, data_de_insercao, endereco_codigo) VALUES (6, 'Roberto Souza', 'MAT1006', '2024-05-15', 6);
INSERT INTO FUNCIONARIO (codigo, nome, matricula, data_de_insercao, endereco_codigo) VALUES (7, 'Patrícia Gomes', 'MAT1007', '2024-05-16', 7);
INSERT INTO FUNCIONARIO (codigo, nome, matricula, data_de_insercao, endereco_codigo) VALUES (8, 'André Costa', 'MAT1008', '2024-05-17', 8);
INSERT INTO FUNCIONARIO (codigo, nome, matricula, data_de_insercao, endereco_codigo) VALUES (9, 'Renata Ferreira', 'MAT1009', '2024-05-18', 9);
INSERT INTO FUNCIONARIO (codigo, nome, matricula, data_de_insercao, endereco_codigo) VALUES (10, 'Lucas Almeida', 'MAT1010', '2024-05-19', 10);

INSERT INTO produto (nome, preco, categoria_codigo) VALUES ('Produto 001', 10.5, 1);
INSERT INTO produto (nome, preco, categoria_codigo) VALUES ('Produto 002', 11.0, 1);
INSERT INTO produto (nome, preco, categoria_codigo) VALUES ('Produto 003', 11.5, 3);
INSERT INTO produto (nome, preco, categoria_codigo) VALUES ('Produto 004', 12.0, 4);
INSERT INTO produto (nome, preco, categoria_codigo) VALUES ('Produto 005', 12.5, 2);
INSERT INTO produto (nome, preco, categoria_codigo) VALUES ('Produto 006', 13.0, 2);
INSERT INTO produto (nome, preco, categoria_codigo) VALUES ('Produto 007', 13.5, 2);
INSERT INTO produto (nome, preco, categoria_codigo) VALUES ('Produto 008', 14.0, 3);
INSERT INTO produto (nome, preco, categoria_codigo) VALUES ('Produto 009', 14.5, 4);
INSERT INTO produto (nome, preco, categoria_codigo) VALUES ('Produto 010', 15.0, 5);
INSERT INTO produto (nome, preco, categoria_codigo) VALUES ('Produto 011', 15.5, 5);
INSERT INTO produto (nome, preco, categoria_codigo) VALUES ('Produto 012', 16.0, 2);
INSERT INTO produto (nome, preco, categoria_codigo) VALUES ('Produto 013', 16.5, 2);
INSERT INTO produto (nome, preco, categoria_codigo) VALUES ('Produto 014', 17.0, 1);
INSERT INTO produto (nome, preco, categoria_codigo) VALUES ('Produto 015', 17.5, 1);
INSERT INTO produto (nome, preco, categoria_codigo) VALUES ('Produto 016', 18.0, 3);
INSERT INTO produto (nome, preco, categoria_codigo) VALUES ('Produto 017', 18.5, 4);
INSERT INTO produto (nome, preco, categoria_codigo) VALUES ('Produto 018', 19.0, 2);
INSERT INTO produto (nome, preco, categoria_codigo) VALUES ('Produto 019', 19.5, 2);
INSERT INTO produto (nome, preco, categoria_codigo) VALUES ('Produto 020', 10.0, 1);
INSERT INTO produto (nome, preco) VALUES ('Produto 021', 10.5);
INSERT INTO produto (nome, preco) VALUES ('Produto 022', 11.0);
INSERT INTO produto (nome, preco) VALUES ('Produto 023', 11.5);
INSERT INTO produto (nome, preco) VALUES ('Produto 024', 12.0);
INSERT INTO produto (nome, preco) VALUES ('Produto 025', 12.5);
INSERT INTO produto (nome, preco) VALUES ('Produto 026', 13.0);
INSERT INTO produto (nome, preco) VALUES ('Produto 027', 13.5);
INSERT INTO produto (nome, preco) VALUES ('Produto 028', 14.0);
INSERT INTO produto (nome, preco) VALUES ('Produto 029', 14.5);
INSERT INTO produto (nome, preco) VALUES ('Produto 030', 15.0);
INSERT INTO produto (nome, preco) VALUES ('Produto 031', 15.5);
INSERT INTO produto (nome, preco) VALUES ('Produto 032', 16.0);
INSERT INTO produto (nome, preco) VALUES ('Produto 033', 16.5);
INSERT INTO produto (nome, preco) VALUES ('Produto 034', 17.0);
INSERT INTO produto (nome, preco) VALUES ('Produto 035', 17.5);
INSERT INTO produto (nome, preco) VALUES ('Produto 036', 18.0);
INSERT INTO produto (nome, preco) VALUES ('Produto 037', 18.5);
INSERT INTO produto (nome, preco) VALUES ('Produto 038', 19.0);
INSERT INTO produto (nome, preco) VALUES ('Produto 039', 19.5);
INSERT INTO produto (nome, preco) VALUES ('Produto 040', 10.0);
INSERT INTO produto (nome, preco) VALUES ('Produto 041', 10.5);
INSERT INTO produto (nome, preco) VALUES ('Produto 042', 11.0);
INSERT INTO produto (nome, preco) VALUES ('Produto 043', 11.5);
INSERT INTO produto (nome, preco) VALUES ('Produto 044', 12.0);
INSERT INTO produto (nome, preco) VALUES ('Produto 045', 12.5);
INSERT INTO produto (nome, preco) VALUES ('Produto 046', 13.0);
INSERT INTO produto (nome, preco) VALUES ('Produto 047', 13.5);
INSERT INTO produto (nome, preco) VALUES ('Produto 048', 14.0);
INSERT INTO produto (nome, preco) VALUES ('Produto 049', 14.5);
INSERT INTO produto (nome, preco) VALUES ('Produto 050', 15.0);
INSERT INTO produto (nome, preco) VALUES ('Produto 051', 15.5);
INSERT INTO produto (nome, preco) VALUES ('Produto 052', 16.0);
INSERT INTO produto (nome, preco) VALUES ('Produto 053', 16.5);
INSERT INTO produto (nome, preco) VALUES ('Produto 054', 17.0);
INSERT INTO produto (nome, preco) VALUES ('Produto 055', 17.5);
INSERT INTO produto (nome, preco) VALUES ('Produto 056', 18.0);
INSERT INTO produto (nome, preco) VALUES ('Produto 057', 18.5);
INSERT INTO produto (nome, preco) VALUES ('Produto 058', 19.0);
INSERT INTO produto (nome, preco) VALUES ('Produto 059', 19.5);
INSERT INTO produto (nome, preco) VALUES ('Produto 060', 10.0);
INSERT INTO produto (nome, preco) VALUES ('Produto 061', 10.5);
INSERT INTO produto (nome, preco) VALUES ('Produto 062', 11.0);
INSERT INTO produto (nome, preco) VALUES ('Produto 063', 11.5);
INSERT INTO produto (nome, preco) VALUES ('Produto 064', 12.0);
INSERT INTO produto (nome, preco) VALUES ('Produto 065', 12.5);
INSERT INTO produto (nome, preco) VALUES ('Produto 066', 13.0);
INSERT INTO produto (nome, preco) VALUES ('Produto 067', 13.5);
INSERT INTO produto (nome, preco) VALUES ('Produto 068', 14.0);
INSERT INTO produto (nome, preco) VALUES ('Produto 069', 14.5);
INSERT INTO produto (nome, preco) VALUES ('Produto 070', 15.0);
INSERT INTO produto (nome, preco) VALUES ('Produto 071', 15.5);
INSERT INTO produto (nome, preco) VALUES ('Produto 072', 16.0);
INSERT INTO produto (nome, preco) VALUES ('Produto 073', 16.5);
INSERT INTO produto (nome, preco) VALUES ('Produto 074', 17.0);
INSERT INTO produto (nome, preco) VALUES ('Produto 075', 17.5);
INSERT INTO produto (nome, preco) VALUES ('Produto 076', 18.0);
INSERT INTO produto (nome, preco) VALUES ('Produto 077', 18.5);
INSERT INTO produto (nome, preco) VALUES ('Produto 078', 19.0);
INSERT INTO produto (nome, preco) VALUES ('Produto 079', 19.5);
INSERT INTO produto (nome, preco) VALUES ('Produto 080', 10.0);
INSERT INTO produto (nome, preco) VALUES ('Produto 081', 10.5);
INSERT INTO produto (nome, preco) VALUES ('Produto 082', 11.0);
INSERT INTO produto (nome, preco) VALUES ('Produto 083', 11.5);
INSERT INTO produto (nome, preco) VALUES ('Produto 084', 12.0);
INSERT INTO produto (nome, preco) VALUES ('Produto 085', 12.5);
INSERT INTO produto (nome, preco) VALUES ('Produto 086', 13.0);
INSERT INTO produto (nome, preco) VALUES ('Produto 087', 13.5);
INSERT INTO produto (nome, preco) VALUES ('Produto 088', 14.0);
INSERT INTO produto (nome, preco) VALUES ('Produto 089', 14.5);
INSERT INTO produto (nome, preco) VALUES ('Produto 090', 15.0);
INSERT INTO produto (nome, preco) VALUES ('Produto 091', 15.5);
INSERT INTO produto (nome, preco) VALUES ('Produto 092', 16.0);
INSERT INTO produto (nome, preco) VALUES ('Produto 093', 16.5);
INSERT INTO produto (nome, preco) VALUES ('Produto 094', 17.0);
INSERT INTO produto (nome, preco) VALUES ('Produto 095', 17.5);
INSERT INTO produto (nome, preco) VALUES ('Produto 096', 18.0);
INSERT INTO produto (nome, preco) VALUES ('Produto 097', 18.5);
INSERT INTO produto (nome, preco) VALUES ('Produto 098', 19.0);
INSERT INTO produto (nome, preco) VALUES ('Produto 099', 19.5);
INSERT INTO produto (nome, preco) VALUES ('Produto 100', 10.0);
