INSERT INTO categoria (descricao, data_de_inclusao, data_de_alteracao) VALUES ('Bebidas', PARSEDATETIME('2024-09-02-00.00.00','yyyy-MM-dd-HH.mm.ss'), NULL);
INSERT INTO categoria (descricao, data_de_inclusao, data_de_alteracao) VALUES ('Carnes', PARSEDATETIME('2024-09-02-00.00.00','yyyy-MM-dd-HH.mm.ss'), NULL);
INSERT INTO categoria (descricao, data_de_inclusao, data_de_alteracao) VALUES ('Cereais', PARSEDATETIME('2024-09-02-00.00.00','yyyy-MM-dd-HH.mm.ss'), NULL);
INSERT INTO categoria (descricao, data_de_inclusao, data_de_alteracao) VALUES ('Hortifruti', PARSEDATETIME('2024-09-02-00.00.00','yyyy-MM-dd-HH.mm.ss'), NULL);
INSERT INTO categoria (descricao, data_de_inclusao, data_de_alteracao) VALUES ('Padaria', PARSEDATETIME('2024-09-02-00.00.00','yyyy-MM-dd-HH.mm.ss'), NULL);

--INSERT INTO colaborador (nome, cpf) VALUES('Simão Pedro', '123456789');
--INSERT INTO colaborador (nome, cpf) VALUES('André', '123456789');
--INSERT INTO colaborador (nome, cpf) VALUES('Tiago de Zebedeu', '123456789');
--INSERT INTO colaborador (nome, cpf) VALUES('João de Zebedeu', '123456789');
--INSERT INTO colaborador (nome, cpf) VALUES('Filipe', '123456789');
--INSERT INTO colaborador (nome, cpf) VALUES('Bartolomeu', '123456789');
--INSERT INTO colaborador (nome, cpf) VALUES('Tomé', '123456789');
--INSERT INTO colaborador (nome, cpf) VALUES('Mateus', '123456789');
--INSERT INTO colaborador (nome, cpf) VALUES('Tiago de Alfeu', '123456789');
--INSERT INTO colaborador (nome, cpf) VALUES('Judas Tadeu', '123456789');
--INSERT INTO colaborador (nome, cpf) VALUES('Judas Tadeu', '123456789');
--INSERT INTO colaborador (nome, cpf) VALUES('Simão Zelote', '123456789');
--INSERT INTO colaborador (nome, cpf) VALUES('Judas Iscariotes', '123456789');

--INSERT INTO funcionario (nome, matricula, data_de_insercao) VALUES ('Simão Pedro', 'ABC123', PARSEDATETIME('2025-04-01-00.00.00','yyyy-MM-dd-HH.mm.ss'));
--INSERT INTO funcionario (nome, matricula, data_de_insercao) VALUES ('André', 'ABC123', PARSEDATETIME('2025-04-01-00.00.00','yyyy-MM-dd-HH.mm.ss'));
--INSERT INTO funcionario (nome, matricula, data_de_insercao) VALUES ('Tiago de Zebedeu', 'ABC123', PARSEDATETIME('2025-04-01-00.00.00','yyyy-MM-dd-HH.mm.ss'));
--INSERT INTO funcionario (nome, matricula, data_de_insercao) VALUES ('João de Zebedeu', 'ABC123', PARSEDATETIME('2025-04-01-00.00.00','yyyy-MM-dd-HH.mm.ss'));
--INSERT INTO funcionario (nome, matricula, data_de_insercao) VALUES ('Filipe', 'ABC123', PARSEDATETIME('2025-04-01-00.00.00','yyyy-MM-dd-HH.mm.ss'));
--INSERT INTO funcionario (nome, matricula, data_de_insercao) VALUES ('Bartolomeu', 'ABC123', PARSEDATETIME('2025-04-01-00.00.00','yyyy-MM-dd-HH.mm.ss'));
--INSERT INTO funcionario (nome, matricula, data_de_insercao) VALUES ('Tomé', 'ABC123', PARSEDATETIME('2025-04-01-00.00.00','yyyy-MM-dd-HH.mm.ss'));
--INSERT INTO funcionario (nome, matricula, data_de_insercao) VALUES ('Mateus', 'ABC123', PARSEDATETIME('2025-04-01-00.00.00','yyyy-MM-dd-HH.mm.ss'));
--INSERT INTO funcionario (nome, matricula, data_de_insercao) VALUES ('Tiago de Alfeu', 'ABC123', PARSEDATETIME('2025-04-01-00.00.00','yyyy-MM-dd-HH.mm.ss'));
--INSERT INTO funcionario (nome, matricula, data_de_insercao) VALUES ('Judas Tadeu', 'ABC123', PARSEDATETIME('2025-04-01-00.00.00','yyyy-MM-dd-HH.mm.ss'));
--INSERT INTO funcionario (nome, matricula, data_de_insercao) VALUES ('Simão Zelote', 'ABC123', PARSEDATETIME('2025-04-01-00.00.00','yyyy-MM-dd-HH.mm.ss'));
--INSERT INTO funcionario (nome, matricula, data_de_insercao) VALUES ('Judas Iscariotes', 'ABC123', PARSEDATETIME('2025-04-01-00.00.00','yyyy-MM-dd-HH.mm.ss'));
--INSERT INTO funcionario (nome, matricula, data_de_insercao) VALUES ('José de Arimatéia', 'ABC123', PARSEDATETIME('2025-04-01-00.00.00','yyyy-MM-dd-HH.mm.ss'));
